"Primary.Language","Odds_Ratio","Lower_CI","Upper_CI","P_Value"
"English",1.11508954845858,1.01868963538712,1.2221894605009,0.0180413707889382
"All Other Languages",0.896810927601475,0.818203750169927,0.981653258521654,0.0180413707889382
