"Race","Odds Ratio","P Value","Lower","Upper"
"Alaska Native or American Indian",1.84782736790623,2.24580040282892e-236,1.78032127219439,1.91789315496672
"Asian",0.550653959278256,0,0.536989837936015,0.564665774745909
"Black or African American",2.12636999613584,0,2.10518647436352,2.14776667792992
"Hispanic or Latino",1.20282801510636,0,1.1923737523948,1.21337393666953
"Two or More Races",1.09558388534369,3.41613182583344e-20,1.07449867109052,1.11708286116964
"Pacific Islander",1.22271415122138,2.65368254371966e-09,1.14447773470959,1.30629880359917
"White",0.589189639930724,0,0.584353676782646,0.59406562428599
